<?xml version="1.0" encoding="utf-8" ?>
<dwsync>
<file name="jquery.js" server="C:/wamp/www/GeoCoinMine/" local="131212849140000000" remote="131212849140000000" Dst="-1" />
<file name="jquery-ui-1.10.4.min.js" server="C:/wamp/www/GeoCoinMine/" local="131212849140000000" remote="131212849140000000" Dst="-1" />
<file name="jquery-1.8.3.min.js" server="C:/wamp/www/GeoCoinMine/" local="131212849140000000" remote="131212849140000000" Dst="-1" />
<file name="jquery-ui-1.9.2.custom.min.js" server="C:/wamp/www/GeoCoinMine/" local="131212849140000000" remote="131212849140000000" Dst="-1" />
<file name="bootstrap.min.js" server="C:/wamp/www/GeoCoinMine/" local="131212849140000000" remote="131212849140000000" Dst="-1" />
<file name="jquery.scrollTo.min.js" server="C:/wamp/www/GeoCoinMine/" local="131212849140000000" remote="131212849140000000" Dst="-1" />
<file name="jquery.nicescroll.js" server="C:/wamp/www/GeoCoinMine/" local="131212849140000000" remote="131212849140000000" Dst="-1" />
<file name="jquery.sparkline.js" server="C:/wamp/www/GeoCoinMine/" local="131212849140000000" remote="131212849140000000" Dst="-1" />
<file name="owl.carousel.js" server="C:/wamp/www/GeoCoinMine/" local="131212849140000000" remote="131212849140000000" Dst="-1" />
<file name="fullcalendar.min.js" server="C:/wamp/www/GeoCoinMine/" local="131212849140000000" remote="131212849140000000" Dst="-1" />
<file name="calendar-custom.js" server="C:/wamp/www/GeoCoinMine/" local="131212849140000000" remote="131212849140000000" Dst="-1" />
<file name="jquery.rateit.min.js" server="C:/wamp/www/GeoCoinMine/" local="131212849140000000" remote="131212849140000000" Dst="-1" />
<file name="jquery.customSelect.min.js" server="C:/wamp/www/GeoCoinMine/" local="131212849140000000" remote="131212849140000000" Dst="-1" />
<file name="scripts.js" server="C:/wamp/www/GeoCoinMine/" local="131212849140000000" remote="131212849140000000" Dst="-1" />
<file name="sparkline-chart.js" server="C:/wamp/www/GeoCoinMine/" local="131212849140000000" remote="131212849140000000" Dst="-1" />
<file name="easy-pie-chart.js" server="C:/wamp/www/GeoCoinMine/" local="131212849140000000" remote="131212849140000000" Dst="-1" />
<file name="jquery-jvectormap-1.2.2.min.js" server="C:/wamp/www/GeoCoinMine/" local="131212849140000000" remote="131212849140000000" Dst="-1" />
<file name="jquery-jvectormap-world-mill-en.js" server="C:/wamp/www/GeoCoinMine/" local="131212849140000000" remote="131212849140000000" Dst="-1" />
<file name="xcharts.min.js" server="C:/wamp/www/GeoCoinMine/" local="131212849140000000" remote="131212849140000000" Dst="-1" />
<file name="jquery.autosize.min.js" server="C:/wamp/www/GeoCoinMine/" local="131212849140000000" remote="131212849140000000" Dst="-1" />
<file name="jquery.placeholder.min.js" server="C:/wamp/www/GeoCoinMine/" local="131212849140000000" remote="131212849140000000" Dst="-1" />
<file name="gdp-data.js" server="C:/wamp/www/GeoCoinMine/" local="131212849140000000" remote="131212849140000000" Dst="-1" />
<file name="morris.min.js" server="C:/wamp/www/GeoCoinMine/" local="131212849140000000" remote="131212849140000000" Dst="-1" />
<file name="sparklines.js" server="C:/wamp/www/GeoCoinMine/" local="131212849140000000" remote="131212849140000000" Dst="-1" />
<file name="charts.js" server="C:/wamp/www/GeoCoinMine/" local="131212849140000000" remote="131212849140000000" Dst="-1" />
<file name="jquery.slimscroll.min.js" server="C:/wamp/www/GeoCoinMine/" local="131212849140000000" remote="131212849140000000" Dst="-1" />
<file name="jquery.js" server="C:/wamp/www/BTCvedan/" local="131212597140000000" remote="131212597140000000" Dst="0" />
<file name="jquery-ui-1.10.4.min.js" server="C:/wamp/www/BTCvedan/" local="131212597140000000" remote="131212597140000000" Dst="0" />
<file name="jquery-1.8.3.min.js" server="C:/wamp/www/BTCvedan/" local="131212597140000000" remote="131212597140000000" Dst="0" />
<file name="jquery-ui-1.9.2.custom.min.js" server="C:/wamp/www/BTCvedan/" local="131212597140000000" remote="131212597140000000" Dst="0" />
<file name="bootstrap.min.js" server="C:/wamp/www/BTCvedan/" local="131212597140000000" remote="131212597140000000" Dst="0" />
<file name="jquery.scrollTo.min.js" server="C:/wamp/www/BTCvedan/" local="131212597140000000" remote="131212597140000000" Dst="0" />
<file name="jquery.nicescroll.js" server="C:/wamp/www/BTCvedan/" local="131212597140000000" remote="131212597140000000" Dst="0" />
<file name="scripts.js" server="C:/wamp/www/BTCvedan/" local="131212597140000000" remote="131212597140000000" Dst="0" />
<file name="jquery.js" server="C:/wamp/www/ACADmovi/" local="131212597140000000" remote="131212597140000000" Dst="0" />
<file name="jquery-ui-1.10.4.min.js" server="C:/wamp/www/ACADmovi/" local="131212597140000000" remote="131212597140000000" Dst="0" />
<file name="jquery-1.8.3.min.js" server="C:/wamp/www/ACADmovi/" local="131212597140000000" remote="131212597140000000" Dst="0" />
<file name="jquery-ui-1.9.2.custom.min.js" server="C:/wamp/www/ACADmovi/" local="131212597140000000" remote="131212597140000000" Dst="0" />
<file name="bootstrap.min.js" server="C:/wamp/www/ACADmovi/" local="131212597140000000" remote="131212597140000000" Dst="0" />
<file name="jquery.scrollTo.min.js" server="C:/wamp/www/ACADmovi/" local="131212597140000000" remote="131212597140000000" Dst="0" />
<file name="jquery.nicescroll.js" server="C:/wamp/www/ACADmovi/" local="131212597140000000" remote="131212597140000000" Dst="0" />
<file name="scripts.js" server="C:/wamp/www/ACADmovi/" local="131212597140000000" remote="131212597140000000" Dst="0" />
<file name="jquery.js" server="C:/wamp/www/ALPHA-PACK/" local="131212597140000000" remote="131212597140000000" Dst="0" />
<file name="jquery-ui-1.10.4.min.js" server="C:/wamp/www/ALPHA-PACK/" local="131212597140000000" remote="131212597140000000" Dst="0" />
<file name="jquery-1.8.3.min.js" server="C:/wamp/www/ALPHA-PACK/" local="131212597140000000" remote="131212597140000000" Dst="0" />
<file name="jquery-ui-1.9.2.custom.min.js" server="C:/wamp/www/ALPHA-PACK/" local="131212597140000000" remote="131212597140000000" Dst="0" />
<file name="bootstrap.min.js" server="C:/wamp/www/ALPHA-PACK/" local="131212597140000000" remote="131212597140000000" Dst="0" />
<file name="jquery.scrollTo.min.js" server="C:/wamp/www/ALPHA-PACK/" local="131212597140000000" remote="131212597140000000" Dst="0" />
<file name="jquery.nicescroll.js" server="C:/wamp/www/ALPHA-PACK/" local="131212597140000000" remote="131212597140000000" Dst="0" />
<file name="scripts.js" server="C:/wamp/www/ALPHA-PACK/" local="131679552372101248" remote="131679552370000000" Dst="0" />
<file name="jquery.js" server="C:/wamp/www/AlMON-PACK/" local="131212597140000000" remote="131212597140000000" Dst="0" />
<file name="jquery-ui-1.10.4.min.js" server="C:/wamp/www/AlMON-PACK/" local="131212597140000000" remote="131212597140000000" Dst="0" />
<file name="jquery-1.8.3.min.js" server="C:/wamp/www/AlMON-PACK/" local="131212597140000000" remote="131212597140000000" Dst="0" />
<file name="jquery-ui-1.9.2.custom.min.js" server="C:/wamp/www/AlMON-PACK/" local="131212597140000000" remote="131212597140000000" Dst="0" />
<file name="bootstrap.min.js" server="C:/wamp/www/AlMON-PACK/" local="131212597140000000" remote="131212597140000000" Dst="0" />
<file name="jquery.scrollTo.min.js" server="C:/wamp/www/AlMON-PACK/" local="131212597140000000" remote="131212597140000000" Dst="0" />
<file name="jquery.nicescroll.js" server="C:/wamp/www/AlMON-PACK/" local="131212597140000000" remote="131212597140000000" Dst="0" />
<file name="scripts.js" server="C:/wamp/www/AlMON-PACK/" local="131679552372101248" remote="131679552370000000" Dst="0" />
<file name="jquery.js" server="C:/wamp/www/AFPET_PACK/" local="131212597140000000" remote="131212597140000000" Dst="1" />
<file name="jquery-ui-1.10.4.min.js" server="C:/wamp/www/AFPET_PACK/" local="131212597140000000" remote="131212597140000000" Dst="1" />
<file name="jquery-1.8.3.min.js" server="C:/wamp/www/AFPET_PACK/" local="131212597140000000" remote="131212597140000000" Dst="1" />
<file name="jquery-ui-1.9.2.custom.min.js" server="C:/wamp/www/AFPET_PACK/" local="131212597140000000" remote="131212597140000000" Dst="1" />
<file name="bootstrap.min.js" server="C:/wamp/www/AFPET_PACK/" local="131212597140000000" remote="131212597140000000" Dst="1" />
<file name="jquery.scrollTo.min.js" server="C:/wamp/www/AFPET_PACK/" local="131212597140000000" remote="131212597140000000" Dst="1" />
<file name="jquery.nicescroll.js" server="C:/wamp/www/AFPET_PACK/" local="131212597140000000" remote="131212597140000000" Dst="1" />
<file name="scripts.js" server="C:/wamp/www/AFPET_PACK/" local="131679552372101248" remote="131679552370000000" Dst="1" />
<file name="jquery.js" server="C:/wamp/www/MUZI-PACK/" local="131212669140000000" remote="131212669140000000" Dst="0" />
<file name="jquery-ui-1.10.4.min.js" server="C:/wamp/www/MUZI-PACK/" local="131212669140000000" remote="131212669140000000" Dst="0" />
<file name="jquery-1.8.3.min.js" server="C:/wamp/www/MUZI-PACK/" local="131212669140000000" remote="131212669140000000" Dst="0" />
<file name="jquery-ui-1.9.2.custom.min.js" server="C:/wamp/www/MUZI-PACK/" local="131212669140000000" remote="131212669140000000" Dst="0" />
<file name="bootstrap.min.js" server="C:/wamp/www/MUZI-PACK/" local="131212669140000000" remote="131212669140000000" Dst="0" />
<file name="jquery.scrollTo.min.js" server="C:/wamp/www/MUZI-PACK/" local="131212669140000000" remote="131212669140000000" Dst="0" />
<file name="jquery.nicescroll.js" server="C:/wamp/www/MUZI-PACK/" local="131212669140000000" remote="131212669140000000" Dst="0" />
<file name="scripts.js" server="C:/wamp/www/MUZI-PACK/" local="131679624360000000" remote="131679624360000000" Dst="0" />
<file name="jquery.js" server="C:/wamp/www/2020FEAST/" local="131212669140000000" remote="131212669140000000" Dst="0" />
<file name="jquery-ui-1.10.4.min.js" server="C:/wamp/www/2020FEAST/" local="131212669140000000" remote="131212669140000000" Dst="0" />
<file name="jquery-1.8.3.min.js" server="C:/wamp/www/2020FEAST/" local="131212669140000000" remote="131212669140000000" Dst="0" />
<file name="jquery-ui-1.9.2.custom.min.js" server="C:/wamp/www/2020FEAST/" local="131212669140000000" remote="131212669140000000" Dst="0" />
<file name="bootstrap.min.js" server="C:/wamp/www/2020FEAST/" local="131212669140000000" remote="131212669140000000" Dst="0" />
<file name="jquery.scrollTo.min.js" server="C:/wamp/www/2020FEAST/" local="131212669140000000" remote="131212669140000000" Dst="0" />
<file name="jquery.nicescroll.js" server="C:/wamp/www/2020FEAST/" local="131212669140000000" remote="131212669140000000" Dst="0" />
<file name="scripts.js" server="C:/wamp/www/2020FEAST/" local="131679624360000000" remote="131679624360000000" Dst="0" />
</dwsync>