<?xml version="1.0" encoding="utf-8" ?>
<dwsync>
<file name="avata.png" server="C:/wamp/www/GeoCoinMine/" local="131022877840000000" remote="131022877840000000" Dst="-1" />
<file name="avata.png" server="C:/wamp/www/BTCvedan/" local="131022625840000000" remote="131022625840000000" Dst="0" />
<file name="avata.png" server="C:/wamp/www/ACADmovi/" local="131022625840000000" remote="131022625840000000" Dst="0" />
<file name="avata.png" server="C:/wamp/www/ALPHA-PACK/" local="131022625840000000" remote="131022625840000000" Dst="0" />
<file name="avata.png" server="C:/wamp/www/AlMON-PACK/" local="131022625840000000" remote="131022625840000000" Dst="0" />
<file name="avata.png" server="C:/wamp/www/AFPET_PACK/" local="131022625840000000" remote="131022625840000000" Dst="1" />
<file name="avata.png" server="C:/wamp/www/MUZI-PACK/" local="131022733840000000" remote="131022733840000000" Dst="0" />
<file name="avata.png" server="C:/wamp/www/2020FEAST/" local="131022733840000000" remote="131022733840000000" Dst="0" />
</dwsync>